Contig,Site_class,Pair_1,Pair_2,N_matched_windows,Mean_difference,Wilcoxon_statistic,Raw_p,FDR_p
X,0-fold,BurkinaFaso_BanaVillage_vs_Guinea_Siguiri_Dankakoro,BurkinaFaso_BanaVillage_vs_Mali_Faladje,20,0.00036853660458209856,43.0,0.11277865463569872,0.1611123637652839
X,0-fold,BurkinaFaso_BanaVillage_vs_Guinea_Siguiri_Dankakoro,Guinea_Siguiri_Dankakoro_vs_Mali_Faladje,20,0.0010610002627227586,18.0,0.05462393825457164,0.09103989709095274
X,0-fold,BurkinaFaso_BanaVillage_vs_Guinea_Siguiri_Dankakoro,Nigeria_Gombe_vs_BurkinaFaso_BanaVillage,20,-0.0013680501532924963,31.0,0.0042209625244140625,0.010552406311035156
X,0-fold,BurkinaFaso_BanaVillage_vs_Guinea_Siguiri_Dankakoro,Nigeria_Gombe_vs_Guinea_Siguiri_Dankakoro,20,-0.0011589901020235083,47.0,0.05340584148798349,0.09103989709095274
X,0-fold,BurkinaFaso_BanaVillage_vs_Guinea_Siguiri_Dankakoro,Nigeria_Gombe_vs_Mali_Faladje,20,-0.001239330558466248,51.0,0.07661792341167123,0.12097566854474405
X,0-fold,BurkinaFaso_BanaVillage_vs_Mali_Faladje,Guinea_Siguiri_Dankakoro_vs_Mali_Faladje,20,0.0006924636581406601,37.0,0.10894087157711467,0.15942566572260683
X,0-fold,BurkinaFaso_BanaVillage_vs_Mali_Faladje,Nigeria_Gombe_vs_BurkinaFaso_BanaVillage,20,-0.0017365867578745951,6.0,0.00034155628132162525,0.0022770418754775017
X,0-fold,BurkinaFaso_BanaVillage_vs_Mali_Faladje,Nigeria_Gombe_vs_Guinea_Siguiri_Dankakoro,20,-0.0015275267066056067,21.0,0.000850677490234375,0.003283385534703485
X,0-fold,BurkinaFaso_BanaVillage_vs_Mali_Faladje,Nigeria_Gombe_vs_Mali_Faladje,20,-0.0016078671630483463,15.0,0.0021384380262505845,0.0064153140787517535
X,0-fold,Guinea_Siguiri_Dankakoro_vs_Mali_Faladje,Nigeria_Gombe_vs_BurkinaFaso_BanaVillage,20,-0.002429050416015255,14.0,0.000209808349609375,0.00209808349609375
X,0-fold,Guinea_Siguiri_Dankakoro_vs_Mali_Faladje,Nigeria_Gombe_vs_Guinea_Siguiri_Dankakoro,20,-0.002219990364746267,9.0,0.0013967480890075116,0.004655826963358372
X,0-fold,Guinea_Siguiri_Dankakoro_vs_Mali_Faladje,Nigeria_Gombe_vs_Mali_Faladje,20,-0.0023003308211890067,9.0,0.0008634758631167839,0.003283385534703485
X,0-fold,Nigeria_Gombe_vs_BurkinaFaso_BanaVillage,Nigeria_Gombe_vs_Guinea_Siguiri_Dankakoro,20,0.00020906005126898833,80.0,0.36827659606933594,0.4419319152832031
X,0-fold,Nigeria_Gombe_vs_BurkinaFaso_BanaVillage,Nigeria_Gombe_vs_Mali_Faladje,20,0.00012871959482624833,69.0,0.29542405582364173,0.37713709254081923
X,0-fold,Nigeria_Gombe_vs_Guinea_Siguiri_Dankakoro,Nigeria_Gombe_vs_Mali_Faladje,20,-8.034045644273996e-05,95.0,1.0,1.0
X,4-fold,BurkinaFaso_BanaVillage_vs_Guinea_Siguiri_Dankakoro,BurkinaFaso_BanaVillage_vs_Mali_Faladje,20,0.00015461691061143638,19.0,0.21322298815094953,0.2907586202058403
X,4-fold,BurkinaFaso_BanaVillage_vs_Guinea_Siguiri_Dankakoro,Guinea_Siguiri_Dankakoro_vs_Mali_Faladje,20,0.0003649202535710501,40.0,0.700703412251682,0.7932491459453004
X,4-fold,BurkinaFaso_BanaVillage_vs_Guinea_Siguiri_Dankakoro,Nigeria_Gombe_vs_BurkinaFaso_BanaVillage,20,-0.0016304191696327696,0.0,0.0001318338889828333,0.0019775083347424996
X,4-fold,BurkinaFaso_BanaVillage_vs_Guinea_Siguiri_Dankakoro,Nigeria_Gombe_vs_Guinea_Siguiri_Dankakoro,20,-0.00132237080698045,14.0,0.0018466307707454858,0.00583146559182785
X,4-fold,BurkinaFaso_BanaVillage_vs_Guinea_Siguiri_Dankakoro,Nigeria_Gombe_vs_Mali_Faladje,20,-0.0013887054015467551,11.0,0.001176563999937216,0.004152578823307821
X,4-fold,BurkinaFaso_BanaVillage_vs_Mali_Faladje,Guinea_Siguiri_Dankakoro_vs_Mali_Faladje,20,0.0002103033429596138,42.0,0.8067663226228976,0.8801087155886156
X,4-fold,BurkinaFaso_BanaVillage_vs_Mali_Faladje,Nigeria_Gombe_vs_BurkinaFaso_BanaVillage,20,-0.0017850360802442063,0.0,0.0001318338889828333,0.0019775083347424996
X,4-fold,BurkinaFaso_BanaVillage_vs_Mali_Faladje,Nigeria_Gombe_vs_Guinea_Siguiri_Dankakoro,20,-0.0014769877175918867,6.0,0.0005356728053985815,0.002508100845665944
X,4-fold,BurkinaFaso_BanaVillage_vs_Mali_Faladje,Nigeria_Gombe_vs_Mali_Faladje,20,-0.0015433223121581914,0.0,0.00019643672621231134,0.00209808349609375
X,4-fold,Guinea_Siguiri_Dankakoro_vs_Mali_Faladje,Nigeria_Gombe_vs_BurkinaFaso_BanaVillage,20,-0.00199533942320382,0.0,0.0001318338889828333,0.0019775083347424996
X,4-fold,Guinea_Siguiri_Dankakoro_vs_Mali_Faladje,Nigeria_Gombe_vs_Guinea_Siguiri_Dankakoro,20,-0.0016872910605515005,9.0,0.0005385174873341328,0.002508100845665944
X,4-fold,Guinea_Siguiri_Dankakoro_vs_Mali_Faladje,Nigeria_Gombe_vs_Mali_Faladje,20,-0.001753625655117805,5.0,0.00029256438440193296,0.0022102058409336316
X,4-fold,Nigeria_Gombe_vs_BurkinaFaso_BanaVillage,Nigeria_Gombe_vs_Guinea_Siguiri_Dankakoro,20,0.00030804836265231996,53.0,0.09099512294672399,0.136492684420086
X,4-fold,Nigeria_Gombe_vs_BurkinaFaso_BanaVillage,Nigeria_Gombe_vs_Mali_Faladje,20,0.00024171376808601496,73.0,0.3759797524564171,0.44232912053696133
X,4-fold,Nigeria_Gombe_vs_Guinea_Siguiri_Dankakoro,Nigeria_Gombe_vs_Mali_Faladje,20,-6.633459456630504e-05,69.0,0.47239920501692023,0.5450760057887541
3R,0-fold,BurkinaFaso_BanaVillage_vs_Guinea_Siguiri_Dankakoro,BurkinaFaso_BanaVillage_vs_Mali_Faladje,25,0.0004097868097355755,58.0,0.23105922995345296,0.3013816042871125
3R,0-fold,BurkinaFaso_BanaVillage_vs_Guinea_Siguiri_Dankakoro,Guinea_Siguiri_Dankakoro_vs_Mali_Faladje,25,0.00037396975196476545,54.0,0.17011443450093033,0.23736897837339116
3R,0-fold,BurkinaFaso_BanaVillage_vs_Guinea_Siguiri_Dankakoro,Nigeria_Gombe_vs_BurkinaFaso_BanaVillage,25,-0.0029035446499930044,66.0,0.02853318507900548,0.05035267955118614
3R,0-fold,BurkinaFaso_BanaVillage_vs_Guinea_Siguiri_Dankakoro,Nigeria_Gombe_vs_Guinea_Siguiri_Dankakoro,25,-0.0028901697090074237,65.0,0.0792146188362769,0.1218686443635029
3R,0-fold,BurkinaFaso_BanaVillage_vs_Guinea_Siguiri_Dankakoro,Nigeria_Gombe_vs_Mali_Faladje,25,-0.002877672637121187,60.0,0.01767455609157178,0.03322400867096508
3R,0-fold,BurkinaFaso_BanaVillage_vs_Mali_Faladje,Guinea_Siguiri_Dankakoro_vs_Mali_Faladje,25,-3.581705777081017e-05,73.0,0.8684061308988609,0.9141117167356431
3R,0-fold,BurkinaFaso_BanaVillage_vs_Mali_Faladje,Nigeria_Gombe_vs_BurkinaFaso_BanaVillage,25,-0.00331333145972858,46.0,0.005139214887964068,0.011427016379134163
3R,0-fold,BurkinaFaso_BanaVillage_vs_Mali_Faladje,Nigeria_Gombe_vs_Guinea_Siguiri_Dankakoro,25,-0.0032999565187429992,35.0,0.002972118525693996,0.007753352675723467
3R,0-fold,BurkinaFaso_BanaVillage_vs_Mali_Faladje,Nigeria_Gombe_vs_Mali_Faladje,25,-0.003287459446856763,24.0,0.0008755694759209293,0.003283385534703485
3R,0-fold,Guinea_Siguiri_Dankakoro_vs_Mali_Faladje,Nigeria_Gombe_vs_BurkinaFaso_BanaVillage,25,-0.00327751440195777,67.0,0.017719471291181378,0.03322400867096508
3R,0-fold,Guinea_Siguiri_Dankakoro_vs_Mali_Faladje,Nigeria_Gombe_vs_Guinea_Siguiri_Dankakoro,25,-0.0032641394609721898,35.0,0.005142157370610374,0.011427016379134163
3R,0-fold,Guinea_Siguiri_Dankakoro_vs_Mali_Faladje,Nigeria_Gombe_vs_Mali_Faladje,25,-0.003251642389085953,48.0,0.010817068032832248,0.021634136065664496
3R,0-fold,Nigeria_Gombe_vs_BurkinaFaso_BanaVillage,Nigeria_Gombe_vs_Guinea_Siguiri_Dankakoro,25,1.3374940985580452e-05,121.0,0.8582823598181881,0.9141117167356431
3R,0-fold,Nigeria_Gombe_vs_BurkinaFaso_BanaVillage,Nigeria_Gombe_vs_Mali_Faladje,25,2.5872012871817133e-05,122.0,0.8838460571465129,0.9143235073929443
3R,0-fold,Nigeria_Gombe_vs_Guinea_Siguiri_Dankakoro,Nigeria_Gombe_vs_Mali_Faladje,25,1.2497071886236749e-05,108.0,0.7943374591300819,0.8801087155886156
3R,4-fold,BurkinaFaso_BanaVillage_vs_Guinea_Siguiri_Dankakoro,BurkinaFaso_BanaVillage_vs_Mali_Faladje,25,0.0006950521050325602,29.0,0.02454049897109125,0.04461908903834772
3R,4-fold,BurkinaFaso_BanaVillage_vs_Guinea_Siguiri_Dankakoro,Guinea_Siguiri_Dankakoro_vs_Mali_Faladje,25,0.00029615139884853057,58.0,0.23105922995345296,0.3013816042871125
3R,4-fold,BurkinaFaso_BanaVillage_vs_Guinea_Siguiri_Dankakoro,Nigeria_Gombe_vs_BurkinaFaso_BanaVillage,25,-0.003885729945364517,52.0,0.005110260660855864,0.011427016379134163
3R,4-fold,BurkinaFaso_BanaVillage_vs_Guinea_Siguiri_Dankakoro,Nigeria_Gombe_vs_Guinea_Siguiri_Dankakoro,25,-0.003566388606144281,42.0,0.010628323936509337,0.021634136065664496
3R,4-fold,BurkinaFaso_BanaVillage_vs_Guinea_Siguiri_Dankakoro,Nigeria_Gombe_vs_Mali_Faladje,25,-0.004155608449717681,39.0,0.002603199399433283,0.007099634725727136
3R,4-fold,BurkinaFaso_BanaVillage_vs_Mali_Faladje,Guinea_Siguiri_Dankakoro_vs_Mali_Faladje,25,-0.0003989007061840296,39.0,0.07586833499439012,0.12097566854474405
3R,4-fold,BurkinaFaso_BanaVillage_vs_Mali_Faladje,Nigeria_Gombe_vs_BurkinaFaso_BanaVillage,25,-0.004580782050397077,23.0,0.00046925417321687623,0.002508100845665944
3R,4-fold,BurkinaFaso_BanaVillage_vs_Mali_Faladje,Nigeria_Gombe_vs_Guinea_Siguiri_Dankakoro,25,-0.004261440711176841,16.0,0.0005434218498942879,0.002508100845665944
3R,4-fold,BurkinaFaso_BanaVillage_vs_Mali_Faladje,Nigeria_Gombe_vs_Mali_Faladje,25,-0.004850660554750242,9.0,8.726126784231121e-05,0.0019775083347424996
3R,4-fold,Guinea_Siguiri_Dankakoro_vs_Mali_Faladje,Nigeria_Gombe_vs_BurkinaFaso_BanaVillage,25,-0.004181881344213048,38.0,0.0023540622219814507,0.006725892062804145
3R,4-fold,Guinea_Siguiri_Dankakoro_vs_Mali_Faladje,Nigeria_Gombe_vs_Guinea_Siguiri_Dankakoro,25,-0.003862540004992811,36.0,0.005723186500070235,0.012263971071579075
3R,4-fold,Guinea_Siguiri_Dankakoro_vs_Mali_Faladje,Nigeria_Gombe_vs_Mali_Faladje,25,-0.004451759848566212,15.0,0.0002946941121244842,0.0022102058409336316
3R,4-fold,Nigeria_Gombe_vs_BurkinaFaso_BanaVillage,Nigeria_Gombe_vs_Guinea_Siguiri_Dankakoro,25,0.0003193413392202367,146.0,0.9090113066460508,0.9244182779451364
3R,4-fold,Nigeria_Gombe_vs_BurkinaFaso_BanaVillage,Nigeria_Gombe_vs_Mali_Faladje,25,-0.00026987850435316365,108.0,0.3615326171890033,0.4419319152832031
3R,4-fold,Nigeria_Gombe_vs_Guinea_Siguiri_Dankakoro,Nigeria_Gombe_vs_Mali_Faladje,25,-0.0005892198435734005,117.0,0.3457539786772782,0.4321924733465977
